"Port_City","Avg_Fuel_Efficiency","Total_Containers","Avg_Delay"
"Lagos",12.9196979717644,16985,13.3639566232851
"Dakar",15.7261053764762,17544,8.00717145491108
"Tema",17.374823124758,8437,16.8226583942225
"Abidjan",19.7834232906518,4645,10.0710967775575
